,Mode,,Frequency,,Isotopologue
12-1-1-1-1,,,,,
Mode,1,,-1798.8745,,CHHHH
,,,16.9358,,CHHHH
,,,313.6989,,CHHHH
,,,347.9141,,CHHHH
,,,786.064,,CHHHH
,,,926.6672,,CHHHH
,,,1207.8595,,CHHHH
,,,1293.6862,,CHHHH
,,,1400.8452,,CHHHH
,,,1485.1122,,CHHHH
,,,1510.0608,,CHHHH
,,,3116.244,,CHHHH
,,,3249.2363,,CHHHH
,,,3253.1676,,CHHHH
,,,3814.4534,,CHHHH
13-1-1-1-1,,,,,
,,,-1798.7925,,QHHHH
,,,16.9361,,QHHHH
,,,313.4492,,QHHHH
,,,346.8527,,QHHHH
,,,773.6525,,QHHHH
,,,922.8316,,QHHHH
,,,1202.5041,,QHHHH
,,,1288.8666,,QHHHH
,,,1395.0817,,QHHHH
,,,1483.1671,,QHHHH
,,,1509.5895,,QHHHH
,,,3114.1334,,QHHHH
,,,3237.0058,,QHHHH
,,,3240.8571,,QHHHH
,,,3814.4531,,QHHHH
13-1-1-1-2,,,,,
,,,-1355.1493,,QHHHD
,,,16.8757,,QHHHD
,,,269.0053,,QHHHD
,,,311.4263,,QHHHD
,,,755.0609,,QHHHD
,,,914.4583,,QHHHD
,,,1021.5958,,QHHHD
,,,1153.2836,,QHHHD
,,,1259.2725,,QHHHD
,,,1471.3657,,QHHHD
,,,1472.3715,,QHHHD
,,,3114.0569,,QHHHD
,,,3236.8526,,QHHHD
,,,3240.6473,,QHHHD
,,,3814.38,,QHHHD
13-1-1-2-1,,,,,
,,,-1793.847,,QHHDH
,,,16.1679,,QHHDH
,,,300.8075,,QHHDH
,,,311.5601,,QHHDH
,,,747.0225,,QHHDH
,,,902.2083,,QHHDH
,,,1140.6179,,QHHDH
,,,1178.452,,QHHDH
,,,1323.0014,,QHHDH
,,,1390.1076,,QHHDH
,,,1470.1875,,QHHDH
,,,2331.4508,,QHHDH
,,,3160.3208,,QHHDH
,,,3240.6616,,QHHDH
,,,3814.4522,,QHHDH
13-1-2-1-1,,,,,
,,,-1787.0988,,QHDHH
,,,16.0393,,QHDHH
,,,277.0346,,QHDHH
,,,341.6844,,QHDHH
,,,749.6387,,QHDHH
,,,915.2508,,QHDHH
,,,1101.9697,,QHDHH
,,,1209.6124,,QHDHH
,,,1262.4067,,QHDHH
,,,1440.0167,,QHDHH
,,,1465.6467,,QHDHH
,,,2332.6083,,QHDHH
,,,3161.4227,,QHDHH
,,,3237.7711,,QHDHH
,,,3814.4511,,QHDHH
13-2-1-1-1,,,,,
,,,-1787.0988,,QDHHH
,,,16.0393,,QDHHH
,,,277.0349,,QDHHH
,,,341.6842,,QDHHH
,,,749.6381,,QDHHH
,,,915.2505,,QDHHH
,,,1101.9707,,QDHHH
,,,1209.612,,QDHHH
,,,1262.4073,,QDHHH
,,,1440.016,,QDHHH
,,,1465.647,,QDHHH
,,,2332.6082,,QDHHH
,,,3161.4228,,QDHHH
,,,3237.7712,,QDHHH
,,,3814.4511,,QDHHH
12-1-1-1-2,,,,,
,,,-1355.2571,,CHHHD
,,,16.876,,CHHHD
,,,269.0392,,CHHHD
,,,312.0609,,CHHHD
,,,767.9805,,CHHHD
,,,917.8193,,CHHHD
,,,1026.782,,CHHHD
,,,1156.873,,CHHHD
,,,1265.081,,CHHHD
,,,1474.1111,,CHHHD
,,,1475.048,,CHHHD
,,,3116.1645,,CHHHD
,,,3249.1016,,CHHHD
,,,3252.9757,,CHHHD
,,,3814.3803,,CHHHD
12-1-1-2-1,,,,,
,,,-1793.9426,,CHHDH
,,,16.1721,,CHHDH
,,,301.3455,,CHHDH
,,,311.8907,,CHHDH
,,,760.1272,,CHHDH
,,,906.1032,,CHHDH
,,,1148.5482,,CHHDH
,,,1182.3757,,CHHDH
,,,1323.114,,CHHDH
,,,1394.9807,,CHHDH
,,,1471.5633,,CHHDH
,,,2343.236,,CHHDH
,,,3166.7391,,CHHDH
,,,3253.0007,,CHHDH
,,,3814.4525,,CHHDH
12-1-2-1-1,,,,,
,,,-1787.2012,,CHDHH
,,,16.0406,,CHDHH
,,,277.4926,,CHDHH
,,,342.8004,,CHDHH
,,,759.508,,CHDHH
,,,920.8257,,CHDHH
,,,1107.5485,,CHDHH
,,,1215.9614,,CHDHH
,,,1266.0087,,CHDHH
,,,1442.6976,,CHDHH
,,,1466.404,,CHDHH
,,,2344.3223,,CHDHH
,,,3167.9193,,CHDHH
,,,3250.0516,,CHDHH
,,,3814.4514,,CHDHH
12-2-1-1-1,,,,,
,,,-1787.2012,,CDHHH
,,,16.0406,,CDHHH
,,,277.4929,,CDHHH
,,,342.8003,,CDHHH
,,,759.5073,,CDHHH
,,,920.8254,,CDHHH
,,,1107.5495,,CDHHH
,,,1215.961,,CDHHH
,,,1266.0093,,CDHHH
,,,1442.6968,,CDHHH
,,,1466.4042,,CDHHH
,,,2344.3223,,CDHHH
,,,3167.9194,,CDHHH
,,,3250.0517,,CDHHH
,,,3814.4514,,CDHHH
12-1-1-2-2,,,,,
,,,-1351.4655,,CHHDD
,,,16.1183,,CHHDD
,,,267.6865,,CHHDD
,,,277.5992,,CHHDD
,,,752.6408,,CHHDD
,,,872.2839,,CHHDD
,,,1007.1285,,CHHDD
,,,1071.9529,,CHHDD
,,,1216.3634,,CHHDD
,,,1271.9635,,CHHDD
,,,1450.2856,,CHHDD
,,,2343.1964,,CHHDD
,,,3166.615,,CHHDD
,,,3252.8074,,CHHDD
,,,3814.3791,,CHHDD
12-1-2-1-2,,,,,
,,,-1345.534,,CHDHD
,,,15.9648,,CHDHD
,,,246.1375,,CHDHD
,,,307.2315,,CHDHD
,,,737.9148,,CHDHD
,,,902.3834,,CHDHD
,,,945.8409,,CHDHD
,,,1127.4193,,CHDHD
,,,1193.1618,,CHDHD
,,,1279.183,,CHDHD
,,,1449.6756,,CHDHD
,,,2344.2391,,CHDHD
,,,3167.8166,,CHDHD
,,,3249.9007,,CHDHD
,,,3814.378,,CHDHD
12-2-1-1-2,,,,,
,,,-1345.5339,,CDHHD
,,,15.9648,,CDHHD
,,,246.1377,,CDHHD
,,,307.2314,,CDHHD
,,,737.9142,,CDHHD
,,,902.3829,,CDHHD
,,,945.8423,,CDHHD
,,,1127.419,,CDHHD
,,,1193.1618,,CDHHD
,,,1279.1828,,CDHHD
,,,1449.6756,,CDHHD
,,,2344.239,,CDHHD
,,,3167.8166,,CDHHD
,,,3249.9008,,CDHHD
,,,3814.378,,CDHHD
12-1-2-2-1,,,,,
,,,-1781.8768,,CHDDH
,,,15.5311,,CHDDH
,,,274.0418,,CHDDH
,,,300.9108,,CHDDH
,,,743.1877,,CHDDH
,,,906.0051,,CHDDH
,,,1039.2443,,CHDDH
,,,1065.2068,,CHDDH
,,,1249.4834,,CHDDH
,,,1320.1225,,CHDDH
,,,1410.1461,,CHDDH
,,,2282.5417,,CHDDH
,,,2411.5564,,CHDDH
,,,3212.3669,,CHDDH
,,,3814.4505,,CHDDH
12-2-1-2-1,,,,,
,,,-1781.8767,,CDHDH
,,,15.5311,,CDHDH
,,,274.0422,,CDHDH
,,,300.9105,,CDHDH
,,,743.1872,,CDHDH
,,,906.0051,,CDHDH
,,,1039.2443,,CDHDH
,,,1065.2067,,CDHDH
,,,1249.4846,,CDHDH
,,,1320.1225,,CDHDH
,,,1410.1453,,CDHDH
,,,2282.5416,,CDHDH
,,,2411.5563,,CDHDH
,,,3212.367,,CDHDH
,,,3814.4505,,CDHDH
12-2-2-1-1,,,,,
,,,-1774.7795,,CDDHH
,,,15.4353,,CDDHH
,,,254.6605,,CDDHH
,,,331.3225,,CDDHH
,,,725.4391,,CDDHH
,,,915.5206,,CDDHH
,,,1044.8511,,CDDHH
,,,1117.112,,CDDHH
,,,1153.2603,,CDDHH
,,,1320.3084,,CDDHH
,,,1444.2948,,CDDHH
,,,2281.5728,,CDDHH
,,,2414.0478,,CDDHH
,,,3210.1164,,CDDHH
,,,3814.4494,,CDDHH