f,ln(c/c0)_median,ln(c/c0)_central,ln(c/c0)_lo_1sigma,ln(c/c0)_hi_1sigma,ln(c/c0)_lo_2sigma,ln(c/c0)_hi_2sigma,ln(c/c0)_lo,ln(c/c0)_hi,ln(d/d0)_median,ln(d/d0)_central,ln(d/d0)_lo_1sigma,ln(d/d0)_hi_1sigma,ln(d/d0)_lo_2sigma,ln(d/d0)_hi_2sigma,ln(d/d0)_lo,ln(d/d0)_hi,DeltaCD_median,DeltaCD_central,DeltaCD_lo_1sigma,DeltaCD_hi_1sigma,DeltaCD_lo_2sigma,DeltaCD_hi_2sigma,DeltaCD_lo,DeltaCD_hi,DeltaDD_median,DeltaDD_central,DeltaDD_lo_1sigma,DeltaDD_hi_1sigma,DeltaDD_lo_2sigma,DeltaDD_hi_2sigma,DeltaDD_lo,DeltaDD_hi
0.4,0.05392727923268804,0.0539272792326506,0.05392727922958062,0.053927279235803156,0.05392727922663729,0.05392727923866058,0.05392727922958062,0.053927279235803156,0.204601142559182,0.20460114255897666,0.20460114254606598,0.20460114257221707,0.20460114253359107,0.2046011425843333,0.20460114254606598,0.20460114257221707,-11.837413976221814,-11.837413976236077,-11.837413976343454,-11.837413976092389,-11.837413976479578,-11.837413975964623,-11.837413976343454,-11.837413976092389,-35.98844537263811,-35.988445372657765,-35.988445373897925,-35.98844537137565,-35.98844537507198,-35.988445370195286,-35.988445373897925,-35.98844537137565
0.4050420168067227,0.053201767559564905,0.053201767559524105,0.05320176755598159,0.05320176756315923,0.05320176755266668,0.053201767566384464,0.05320176755598159,0.05320176756315923,0.20184868324860578,0.2018486832484977,0.2018486832332886,0.2018486832642255,0.2018486832189343,0.20184868327799116,0.2018486832332886,0.2018486832642255,-11.679158625349782,-11.679158625364511,-11.679158625417859,-11.679158625284472,-11.67915862548079,-11.679158625231466,-11.679158625417859,-11.679158625284472,-35.512905165348094,-35.51290516536105,-35.512905165957974,-35.5129051647181,-35.51290516651766,-35.512905164167904,-35.512905165957974,-35.5129051647181
0.4100840336134454,0.052484813726428284,0.05248481372638823,0.05248481372285875,0.05248481372999268,0.05248481371959368,0.05248481373319121,0.05248481372285875,0.05248481372999268,0.1991286858624467,0.19912868586232627,0.19912868584695914,0.1991286858781702,0.1991286858326541,0.1991286858919388,0.19912868584695914,0.1991286858781702,-11.52274363378049,-11.522743633805584,-11.522743633967602,-11.522743633608819,-11.52274363414328,-11.522743633476843,-11.522743633967602,-11.522743633608819,-35.04274683026992,-35.04274683029107,-35.04274683038032,-35.042746830167864,-35.04274683047516,-35.042746830068,-35.04274683038032,-35.042746830167864
0.4151260504201681,0.051776215697572736,0.051776215697583644,0.05177621569568469,0.051776215699468366,0.05177621569414949,0.05177621570118565,0.05177621569568469,0.051776215699468366,0.19644038265390223,0.19644038265393945,0.1964403826458859,0.19644038266197428,0.1964403826393016,0.19644038266919664,0.1964403826458859,0.19644038266197428,-11.368126518878206,-11.368126518890623,-11.3681265189599,-11.368126518797263,-11.36812651903609,-11.368126518737505,-11.3681265189599,-11.368126518797263,-34.577847262354865,-34.57784726237552,-34.577847263382374,-34.57784726135467,-34.5778472643449,-34.577847260508925,-34.577847263382374,-34.57784726135467
0.42016806722689076,0.051075780367638726,0.05107578036763766,0.05107578036740106,0.051075780367877896,0.051075780367218104,0.05107578036814444,0.05107578036740106,0.051075780367877896,0.19378304082535264,0.19378304082532583,0.19378304082452774,0.1937830408262097,0.193783040823893,0.19378304082713246,0.19378304082452774,0.1937830408262097,-11.215266222032419,-11.215266222051824,-11.215266222180956,-11.21526622189591,-11.21526622231954,-11.215266221791198,-11.215266222180956,-11.21526622189591,-34.118087907823906,-34.11808790784248,-34.118087908679286,-34.11808790699343,-34.11808790947958,-34.11808790629094,-34.118087908679286,-34.11808790699343
0.4252100840336135,0.0503833267974722,0.05038332679744272,0.05038332679648232,0.050383326798446405,0.05038332679554912,0.05038332679936054,0.05038332679648232,0.050383326798446405,0.19115597690012626,0.19115597689999664,0.19115597689564948,0.19115597690460376,0.1911559768914114,0.1911559769087817,0.19115597689564948,0.19115597690460376,-11.064122850786482,-11.064122850804377,-11.064122850981962,-11.064122850597322,-11.06412285116768,-11.064122850447008,-11.064122850981962,-11.064122850597322,-33.66335479468282,-33.66335479470093,-33.6633547954052,-33.663354793984574,-33.66335479609756,-33.66335479339092,-33.6633547954052,-33.663354793984574
0.43025210084033616,0.04969867454687779,0.04969867454685717,0.04969867454525398,0.04969867454849645,0.04969867454377602,0.049698674549976486,0.04969867454525398,0.04969867454849645,0.18855850613953917,0.18855850613944708,0.18855850613226693,0.18855850614686762,0.18855850612560063,0.1885585061534248,0.18855850613226693,0.18855850614686762,-10.914658008191042,-10.91465800820976,-10.914658008420542,-10.914658007975879,-10.914658008628924,-10.914658007801581,-10.914658008420542,-10.914658007975879,-33.21353685492442,-33.21353685494056,-33.21353685557232,-33.21353685429932,-33.213536856189116,-33.21353685376954,-33.21353685557232,-33.21353685429932
0.43529411764705883,0.0490216491847894,0.049021649184779574,0.04902164918295948,0.04902164918662892,0.04902164918128749,0.04902164918829838,0.04902164918295948,0.04902164918662892,0.18598996658611158,0.1859899665860373,0.1859899665779126,0.1859899665943737,0.18598996657038736,0.18598996660175954,0.1859899665779126,0.1859899665943737,-10.766834579570808,-10.766834579586407,-10.766834579808135,-10.766834579345934,-10.766834580022312,-10.76683457916239,-10.766834579808135,-10.766834579345934,-32.76852668878729,-32.76852668880248,-32.768526689386604,-32.76852668820944,-32.76852668995323,-32.768526687719834,-32.768526689386604,-32.76852668820944
0.4403361344537815,0.04835208224809065,0.04835208224808742,0.04835208224634633,0.048352082249843976,0.048352082244746325,0.04835208225144932,0.04835208224634633,0.048352082249843976,0.18344971903481067,0.1834497190347884,0.18344971902701335,0.183449719042714,0.18344971901981133,0.18344971904982443,0.18344971902701335,0.183449719042714,-10.620616667255739,-10.62061666726963,-10.620616667484645,-10.620616667039771,-10.620616667689767,-10.620616666861997,-10.620616667484645,-10.620616667039771,-32.3282204313903,-32.32822043140325,-32.328220431947784,-32.32822043085523,-32.32822043247168,-32.328220430396605,-32.328220431947784,-32.32822043085523
0.44537815126050423,0.04768981094414792,0.0476898109441438,0.04768981094267138,0.04768981094562268,0.04768981094131531,0.04768981094699144,0.04768981094267138,0.04768981094562268,0.18093714588377335,0.1809371458837501,0.18093714587715784,0.18093714589046275,0.18093714587104115,0.18093714589652313,0.18093714587715784,0.18093714589046275,-10.475969536584655,-10.475969536597255,-10.475969536790338,-10.475969536389817,-10.475969536973663,-10.475969536230782,-10.475969536790338,-10.475969536389817,-31.892517587627456,-31.89251758763982,-31.8925175881382,-31.89251758713749,-31.89251758861743,-31.89251758671644,-31.8925175881382,-31.89251758713749
0.4504201680672269,0.04703467766220005,0.04703467766220821,0.04703467766102783,0.047034677663386135,0.04703467766005106,0.04703467766449793,0.04703467766102783,0.047034677663386135,0.17845164912823352,0.17845164912827585,0.17845164912318137,0.178451649133386,0.1784516491189098,0.1784516491381787,0.17845164912318137,0.178451649133386,-10.3328595828211,-10.332859582828272,-10.332859582848224,-10.332859582794608,-10.332859582878735,-10.332859582767831,-10.332859582848224,-10.332859582794608,-31.46132089852066,-31.46132089853378,-31.4613208987545,-31.46132089829409,-31.461320898981313,-31.461320898115673,-31.4613208987545,-31.46132089829409
0.4554621848739496,0.04638652835321791,0.046386528353223114,0.04638652835239379,0.046386528354058584,0.04638652835170678,0.046386528354853476,0.04638652835239379,0.046386528354058584,0.17599264331952635,0.17599264331955516,0.1759926433159902,0.17599264332319436,0.17599264331297437,0.17599264332659595,0.1759926433159902,0.17599264332319436,-10.191254407480418,-10.19125440748731,-10.191254407498175,-10.191254407465717,-10.191254407519175,-10.191254407448469,-10.191254407498175,-10.191254407465717,-31.03453636790053,-31.034536367913784,-31.03453636808581,-31.034536367723852,-31.034536368261154,-31.034536367584654,-31.03453636808581,-31.034536367723852
0.4605042016806723,0.04574521872317219,0.04574521872317308,0.04574521872279436,0.045745218723556656,0.04574521872249397,0.04574521872393422,0.04574521872279436,0.045745218723556656,0.17355958314579104,0.17355958314579623,0.17355958314420744,0.17355958314745287,0.1735595831429373,0.17355958314902345,0.17355958314420744,0.17355958314745287,-10.051122217748226,-10.051122217754017,-10.05112221776383,-10.051122217733754,-10.05112221777928,-10.05112221771977,-10.05112221776383,-10.051122217733754,-30.61207243839425,-30.61207243840649,-30.612072438571722,-30.612072438224622,-30.6120724387404,-30.612072438089626,-30.612072438571722,-30.612072438224622
0.46554621848739497,0.04511060600755426,0.04511060600755573,0.04511060600742745,0.04511060600769244,0.04511060600732936,0.04511060600782854,0.04511060600742745,0.04511060600769244,0.17115192716410116,0.17115192716409836,0.17115192716361222,0.17115192716465308,0.17115192716318048,0.1711519271651929,0.17115192716361222,0.17115192716465308,-9.912432448171316,-9.912432448177332,-9.91243244820295,-9.912432448141066,-9.912432448233874,-9.912432448119104,-9.91243244820295,-9.912432448141066,-30.193840620251525,-30.193840620262588,-30.193840620427224,-30.193840620082426,-30.193840620596024,-30.193840619947526,-30.193840620427224,-30.193840620082426
0.47058823529411764,0.04448255156856411,0.04448255156856163,0.04448255156852866,0.04448255156860197,0.044482551568503885,0.044482551568634725,0.04448255156852866,0.04448255156860197,0.16876914938563597,0.16876914938560997,0.16876914938550794,0.1687691493857438,0.16876914938542964,0.16876914938587387,0.16876914938550794,0.1687691493857438,-9.775155505067449,-9.775155505073402,-9.775155505105326,-9.775155505030904,-9.775155505142742,-9.775155505005793,-9.775155505105326,-9.775155505030904,-29.77975517459754,-29.77975517460761,-29.779755174770713,-29.77975517442942,-29.77975517493872,-29.779755174298334,-29.779755174770713,-29.77975517442942
0.47563025210084037,0.04386092110878391,0.0438609211087793,0.043860921108754856,0.04386092110880733,0.04386092110873786,0.04386092110883583,0.043860921108754856,0.04386092110880733,0.1664107403360638,0.16641074033604739,0.1664107403359656,0.16641074033616687,0.16641074033588937,0.16641074033625983,0.1664107403359656,0.16641074033616687,-9.639262695134724,-9.639262695140582,-9.639262695172366,-9.63926269509922,-9.639262695208634,-9.639262695074121,-9.639262695172366,-9.63926269509922,-29.369732965740923,-29.369732965749705,-29.36973296590598,-29.36973296557913,-29.369732966067595,-29.369732965453785,-29.36973296590598,-29.36973296557913
0.48067226890756304,0.04324558401216916,0.04324558401217491,0.04324558401153485,0.04324558401281364,0.04324558401100755,0.04324558401341907,0.04324558401153485,0.04324558401281364,0.16407620425832153,0.16407620425835281,0.1640762042555911,0.16407620426113143,0.1640762042532782,0.16407620426373493,0.1640762042555911,0.16407620426113143,-9.504726222646624,-9.5047262226516,-9.504726222662297,-9.504726222631726,-9.50472622268099,-9.504726222615608,-9.504726222662297,-9.504726222631726,-28.963693369167018,-28.963693369176514,-28.963693369293566,-28.963693369046794,-28.963693369413082,-28.9636933689527,-28.963693369293566,-28.963693369046794
0.4857142857142857,0.042636414479911885,0.042636414479914904,0.04263641447950509,0.0426364144803262,0.042636414479171,0.04263641448072473,0.04263641447950509,0.0426364144803262,0.16176506421682782,0.1617650642168359,0.16176506421507897,0.16176506421862835,0.16176506421361056,0.16176506422033407,0.16176506421507897,0.16176506421862835,-9.371519064068423,-9.371519064073087,-9.37151906407582,-9.371519064062165,-9.371519064084913,-9.37151906405579,-9.37151906407582,-9.371519064062165,-28.56155813768731,-28.561558137696675,-28.561558137796663,-28.561558137584957,-28.561558137900064,-28.561558137506232,-28.561558137796663,-28.561558137584957
0.49075630252100844,0.04203329063615509,0.0420332906361603,0.0420332906360072,0.042033290636316716,0.04203329063588672,0.04203329063646795,0.0420332906360072,0.042033290636316716,0.15947685827052976,0.159476858270544,0.15947685826990884,0.1594768582711966,0.15947685826939145,0.15947685827183386,0.15947685826990884,0.1594768582711966,-9.239614976478297,-9.23961497648227,-9.239614976491572,-9.2396149764659,-9.239614976503653,-9.239614976455227,-9.239614976491572,-9.2396149764659,-28.16325128876354,-28.163251288772347,-28.163251288865382,-28.16325128866795,-28.163251288962503,-28.163251288594243,-28.163251288865382,-28.16325128866795
0.4957983193277311,0.041436093583474755,0.04143609358347472,0.04143609358345238,0.04143609358350277,0.041436093583432504,0.041436093583527206,0.04143609358345238,0.04143609358350277,0.1572111353878169,0.15721113538780662,0.15721113538772935,0.1572111353879019,0.15721113538766307,0.15721113538799178,0.15721113538772935,0.1572111353879019,-9.10898853023538,-9.10898853023927,-9.108988530255907,-9.108988530214889,-9.108988530275946,-9.108988530200183,-9.108988530255907,-9.108988530214889,-27.7686990681031,-27.768699068111854,-27.768699068200704,-27.768699068012502,-27.76869906829238,-27.768699067941856,-27.768699068200704,-27.768699068012502
0.5008403361344538,0.04084470784224708,0.04084470784224728,0.040844707842213876,0.04084470784228389,0.04084470784217753,0.04084470784231917,0.040844707842213876,0.04084470784228389,0.15496745746509127,0.1549674574650796,0.15496745746491222,0.15496745746526666,0.15496745746473636,0.15496745746544158,0.15496745746491222,0.15496745746526666,-8.97961504052181,-8.979615040525951,-8.979615040544564,-8.979615040499608,-8.97961504056669,-8.979615040484447,-8.979615040544564,-8.979615040499608,-27.377829855868818,-27.37782985587716,-27.37782985595955,-27.37782985578376,-27.3778298560452,-27.377829855718147,-27.37782985595955,-27.37782985578376
0.5058823529411764,0.04025902132706832,0.040259021327068406,0.040259021327035224,0.04025902132710543,0.040259021327000016,0.04025902132713897,0.040259021327035224,0.04025902132710543,0.15274539930644165,0.15274539930643122,0.15274539930626396,0.1527453993066148,0.1527453993060929,0.15274539930678196,0.15274539930626396,0.1527453993066148,-8.851470530345944,-8.851470530349685,-8.851470530366758,-8.851470530326097,-8.851470530387097,-8.851470530311786,-8.851470530366758,-8.851470530326097,-26.99057407919323,-26.990574079200925,-26.990574079274722,-26.99057407911774,-26.990574079351056,-26.99057407906032,-26.990574079274722,-26.99057407911774
0.5109243697478991,0.039678924701631924,0.03967892470163513,0.039678924701367184,0.03967892470190193,0.039678924701150114,0.03967892470216209,0.039678924701367184,0.03967892470190193,0.15054454586079824,0.15054454586080868,0.15054454585965357,0.1505445458619773,0.15054454585869753,0.1505445458630956,0.15054454585965357,0.1505445458619773,-8.724531738609755,-8.724531738612693,-8.724531738616951,-8.724531738603183,-8.724531738626002,-8.724531738596388,-8.724531738616951,-8.724531738603183,-26.606864141795057,-26.60686414180134,-26.60686414185159,-26.60686414174233,-26.606864141906666,-26.60686414170417,-26.60686414185159,-26.60686414174233
0.5159663865546219,0.03910431296478872,0.039104312964792276,0.039104312964639065,0.03910431296494709,0.03910431296451651,0.03910431296510056,0.039104312964639065,0.03910431296494709,0.14836449928073028,0.14836449928073317,0.14836449928007472,0.14836449928141004,0.1483644992795472,0.14836449928206294,0.14836449928007472,0.14836449928141004,-8.598775978069135,-8.598775978071423,-8.598775978073615,-8.598775978065314,-8.598775978079205,-8.598775978061798,-8.598775978073615,-8.598775978065314,-26.226634326214306,-26.226634326218793,-26.226634326252668,-26.22663432617893,-26.226634326290554,-26.226634326150453,-26.226634326252668,-26.22663432617893
0.5210084033613446,0.03853508350723534,0.03853508350723402,0.03853508350722371,0.038535083507245965,0.038535083507214705,0.03853508350725924,0.03853508350722371,0.038535083507245965,0.14620487044581998,0.1462048704458165,0.14620487044577743,0.14620487044586697,0.14620487044574068,0.14620487044591496,0.14620487044577743,0.14620487044586697,-8.47418122907632,-8.474181229078264,-8.474181229082262,-8.474181229070304,-8.474181229088021,-8.47418122906438,-8.474181229082262,-8.474181229070304,-25.8498207262926,-25.849820726296723,-25.849820726321322,-25.849820726265726,-25.84982072634654,-25.84982072624501,-25.849820726321322,-25.849820726265726
0.5260504201680672,0.0379711363286192,0.037971136328617885,0.03797113632854385,0.03797113632869142,0.037971136328481016,0.03797113632876293,0.03797113632854385,0.03797113632869142,0.1440652799769497,0.14406527997694316,0.144065279976614,0.1440652799772785,0.1440652799763248,0.1440652799775822,0.144065279976614,0.1440652799772785,-8.350726099245874,-8.350726099248611,-8.35072609925542,-8.350726099236804,-8.350726099264278,-8.350726099229558,-8.35072609925542,-8.350726099236804,-25.476361195860274,-25.476361195864527,-25.47636119588226,-25.476361195840514,-25.476361195899635,-25.476361195825472,-25.47636119588226,-25.476361195840514
0.5310924369747899,0.03741237421276093,0.03741237421275904,0.03741237421266056,0.03741237421285578,0.03741237421257562,0.0374123742129499,0.03741237421266056,0.03741237421285578,0.14194535907009131,0.1419453590700882,0.14194535906966016,0.14194535907051772,0.14194535906927275,0.14194535907093317,0.14194535906966016,0.14194535907051772,-8.228389783167637,-8.228389783170291,-8.228389783177253,-8.228389783158345,-8.228389783186175,-8.228389783151014,-8.228389783177253,-8.228389783158345,-25.10619528522877,-25.106195285233376,-25.10619528524413,-25.10619528521636,-25.106195285255488,-25.106195285206145,-25.10619528524413,-25.10619528521636
0.5361344537815126,0.036858702476801175,0.03685870247680278,0.03685870247657527,0.036858702477027556,0.03685870247638911,0.03685870247724823,0.03685870247657527,0.036858702477027556,0.13984474845695744,0.13984474845696315,0.13984474845597206,0.13984474845794645,0.1398447484551444,0.1398447484589149,0.13984474845597206,0.13984474845794645,-8.107152048928487,-8.107152048930962,-8.107152048940527,-8.107152048916136,-8.107152048954925,-8.10715204890393,-8.107152048940527,-8.107152048916136,-24.73926417195443,-24.7392641719587,-24.739264171970696,-24.739264171940604,-24.73926417198238,-24.739264171929374,-24.739264171970696,-24.739264171940604
0.5411764705882354,0.03631002917068242,0.03631002917068553,0.0363100291705324,0.036310029170838094,0.036310029170406814,0.03631002917098772,0.0363100291705324,0.036310029170838094,0.13776309933466827,0.13776309933467631,0.13776309933400174,0.13776309933535,0.13776309933343936,0.13776309933600922,0.13776309933400174,0.13776309933535,-7.986993202129499,-7.986993202131859,-7.986993202140726,-7.986993202117938,-7.986993202153959,-7.986993202106387,-7.986993202140726,-7.986993202117938,-24.375510617950248,-24.375510617954333,-24.37551061795682,-24.375510617944,-24.375510617964643,-24.37551061793771,-24.37551061795682,-24.375510617944
0.546218487394958,0.035766265232680484,0.03576626523268108,0.03576626523267076,0.035766265232691316,0.03576626523266154,0.03576626523270129,0.03576626523267076,0.035766265232691316,0.1357000741105782,0.13570007411058005,0.1357000741105429,0.1357000741106182,0.1357000741105088,0.13570007411065188,0.1357000741105429,0.1357000741106182,-7.867894047582531,-7.867894047584605,-7.867894047586975,-7.867894047577934,-7.867894047592792,-7.867894047573259,-7.867894047586975,-7.867894047577934,-24.01487890506702,-24.014878905070425,-24.01487890508652,-24.01487890504632,-24.014878905105505,-24.014878905026627,-24.01487890508652,-24.01487890504632
0.5512605042016807,0.03522732361862893,0.03522732361863072,0.035227323618535485,0.035227323618724736,0.035227323618449075,0.03522732361881477,0.035227323618535485,0.035227323618724736,0.13365534263181772,0.13365534263182466,0.13365534263141238,0.13365534263222886,0.13365534263104256,0.13365534263261472,0.13365534263141238,0.13365534263222886,-7.749835917129107,-7.749835917131342,-7.749835917131244,-7.749835917127217,-7.749835917133638,-7.749835917125242,-7.749835917131244,-7.749835917127217,-23.657314760026402,-23.657314760030193,-23.657314760054415,-23.657314759997508,-23.657314760081043,-23.657314759971683,-23.657314760054415,-23.657314759997508
0.5563025210084034,0.03469311945961273,0.03469311945961496,0.03469311945948492,0.03469311945974397,0.03469311945936627,0.03469311945986564,0.03469311945948492,0.03469311945974397,0.13162858292267435,0.13162858292268345,0.131628582922122,0.13162858292324095,0.13162858292160864,0.13162858292375093,0.131628582922122,0.13162858292324095,-7.632800640343313,-7.632800640345086,-7.632800640345809,-7.632800640340455,-7.632800640348662,-7.632800640338189,-7.632800640345809,-7.632800640340455,-23.302765320719505,-23.302765320722845,-23.302765320750968,-23.302765320688053,-23.302765320780644,-23.30276532065956,-23.302765320750968,-23.302765320688053
0.561344537815126,0.034163570139049665,0.034163570139051525,0.03416357013891938,0.03416357013918304,0.034163570138798525,0.03416357013930611,0.03416357013891938,0.03416357013918304,0.1296194815702618,0.12961948157027015,0.12961948156969744,0.12961948157083883,0.1296194815691763,0.12961948157135142,0.12961948156969744,0.12961948157083883,-7.516770518534143,-7.516770518535952,-7.51677051853655,-7.516770518531484,-7.516770518539174,-7.516770518529061,-7.51677051853655,-7.516770518531484,-22.95117909315971,-22.951179093162793,-22.95117909319201,-22.951179093127145,-22.95117909322229,-22.951179093097306,-22.95117909319201,-22.951179093127145
0.5663865546218487,0.033638594985370654,0.033638594985372125,0.033638594985337736,0.03363859498540539,0.033638594985310126,0.0336385949854396,0.033638594985337736,0.03363859498540539,0.12762773242285097,0.12762773242285735,0.12762773242269704,0.12762773242301256,0.12762773242257006,0.12762773242317277,0.12762773242269704,0.12762773242301256,-7.401728321034083,-7.401728321035709,-7.40172832104185,-7.401728321025513,-7.401728321050645,-7.401728321017507,-7.40172832104185,-7.401728321025513,-22.60250589330783,-22.602505893311108,-22.602505893336208,-22.60250589327967,-22.60250589336173,-22.602505893254435,-22.602505893336208,-22.60250589327967
0.5714285714285714,0.03311811587423591,0.033118115874236666,0.03311811587422324,0.03311811587424957,0.033118115874211644,0.03311811587426216,0.03311811587422324,0.03311811587424957,0.1256530392728746,0.12565303927287835,0.12565303927281032,0.12565303927294308,0.12565303927275098,0.1256530392730108,0.12565303927281032,0.12565303927294308,-7.287657232504843,-7.287657232506092,-7.287657232512173,-7.287657232496789,-7.287657232520688,-7.287657232489373,-7.287657232512173,-7.287657232496789,-22.25669683528446,-22.25669683528639,-22.256696835316227,-22.256696835252782,-22.25669683534595,-22.25669683522303,-22.256696835316227,-22.256696835252782
0.5764705882352941,0.03260205661817953,0.032602056618179734,0.03260205661811067,0.032602056618249026,0.032602056618046334,0.0326020566183131,0.03260205661811067,0.032602056618249026,0.12369511322790006,0.12369511322790452,0.12369511322760834,0.12369511322819463,0.12369511322733806,0.12369511322846766,0.12369511322760834,0.12369511322819463,-7.17454086485797,-7.174540864859038,-7.174540864860866,-7.174540864854801,-7.1745408648644435,-7.17454086485144,-7.174540864860866,-7.174540864854801,-21.913704251825138,-21.91370425182678,-21.913704251859194,-21.913704251790044,-21.913704251892568,-21.913704251757345,-21.913704251859194,-21.913704251790044
0.5815126050420167,0.03209034274960511,0.03209034274960596,0.03209034274950189,0.03209034274971087,0.032090342749405656,0.03209034274980697,0.03209034274950189,0.03209034274971087,0.12175367179592482,0.1217536717959309,0.12175367179548152,0.12175367179637815,0.12175367179506733,0.12175367179678068,0.12175367179548152,0.12175367179637815,-7.062363253033646,-7.062363253034764,-7.062363253034941,-7.062363253032459,-7.062363253036319,-7.0623632530313065,-7.062363253034941,-7.062363253032459,-21.573481652952566,-21.57348165295429,-21.573481652984995,-21.573481652919327,-21.573481653016884,-21.573481652888475,-21.573481652984995,-21.573481652919327
0.5865546218487395,0.03158290164507013,0.03158290164507097,0.03158290164496262,0.03158290164518023,0.031582901644861966,0.0315829016452777,0.03158290164496262,0.03158290164518023,0.11982843946622507,0.11982843946623176,0.11982843946575984,0.11982843946670106,0.11982843946532595,0.11982843946712175,0.11982843946575984,0.11982843946670106,-6.951108832064093,-6.95110883206508,-6.951108832065919,-6.951108832062323,-6.951108832068059,-6.951108832060739,-6.951108832065919,-6.951108832062323,-21.235983700110012,-21.235983700111774,-21.235983700138732,-21.235983700081544,-21.235983700166447,-21.235983700054454,-21.235983700138732,-21.235983700081544
0.5915966386554622,0.03107966247960281,0.031079662479604087,0.031079662479567272,0.031079662479639836,0.031079662479537546,0.031079662479675575,0.031079662479567272,0.031079662479639836,0.11791914754527993,0.11791914754528557,0.11791914754511341,0.11791914754544613,0.11791914754497604,0.11791914754561325,0.11791914754511341,0.11791914754544613,-6.840762423281882,-6.8407624232832145,-6.840762423289915,-6.840762423273681,-6.840762423297751,-6.840762423265529,-6.840762423289915,-6.840762423273681,-20.901166170544474,-20.901166170546578,-20.9011661705717,-20.90116617051674,-20.901166170598692,-20.901166170490182,-20.9011661705717,-20.90116617051674
0.5966386554621849,0.030580556125432687,0.030580556125433665,0.03058055612538261,0.03058055612548279,0.030580556125341038,0.030580556125532732,0.03058055612538261,0.03058055612548279,0.1160255337462916,0.11602553374629565,0.11602553374606386,0.11602553374651592,0.11602553374587267,0.11602553374674193,0.11602553374606386,0.11602553374651592,-6.731309224975245,-6.731309224976496,-6.731309224983301,-6.7313092249667275,-6.731309224991497,-6.7313092249583555,-6.731309224983301,-6.7313092249667275,-20.568985923182595,-20.568985923184364,-20.568985923206338,-20.568985923158213,-20.568985923229246,-20.568985923134775,-20.568985923206338,-20.568985923158213
0.6016806722689075,0.03008551542902964,0.03008551542902999,0.030085515429019893,0.030085515429038916,0.030085515429010858,0.030085515429047974,0.030085515429019893,0.030085515429038916,0.11414734344933788,0.11414734344934123,0.11414734344930036,0.11414734344937445,0.11414734344926918,0.1141473434494074,0.11414734344930036,0.11414734344937445,-6.6227347743850675,-6.622734774386325,-6.62273477438792,-6.622734774381871,-6.6227347743911045,-6.622734774378298,-6.62273477438792,-6.622734774381871,-20.239400847259617,-20.239400847261127,-20.239400847276915,-20.239400847241978,-20.239400847292792,-20.239400847225106,-20.239400847276915,-20.239400847241978
0.6067226890756303,0.029594474763059576,0.029594474763060274,0.029594474763023442,0.029594474763096304,0.029594474762990063,0.029594474763128535,0.029594474763023442,0.029594474763096304,0.11228432775890043,0.1122843277589051,0.11228432775874528,0.11228432775905729,0.11228432775860128,0.11228432775919935,0.11228432775874528,0.11228432775905729,-6.5150249644947245,-6.515024964495969,-6.515024964496039,-6.515024964493423,-6.5150249644973695,-6.51502496449229,-6.515024964496039,-6.515024964493423,-19.912369840398533,-19.91236984039986,-19.912369840408022,-19.912369840387942,-19.91236984041802,-19.912369840378457,-19.912369840408022,-19.912369840387942
0.611764705882353,0.029107369963442743,0.029107369963443493,0.02910736996340079,0.02910736996348544,0.029107369963362283,0.029107369963523488,0.02910736996340079,0.02910736996348544,0.11043624325684763,0.11043624325685208,0.11043624325666541,0.110436243257034,0.11043624325649633,0.11043624325719865,0.11043624325666541,0.110436243257034,-6.408166034652073,-6.408166034653294,-6.408166034654856,-6.408166034649386,-6.408166034657353,-6.408166034646928,-6.408166034654856,-6.408166034649386,-19.58785278066986,-19.587852780671415,-19.587852780673508,-19.58785278066638,-19.58785278067819,-19.587852780662814,-19.587852780673508,-19.58785278066638
0.6168067226890757,0.02862413841438768,0.028624138414387868,0.028624138414352726,0.028624138414423215,0.02862413841432066,0.028624138414454665,0.028624138414352726,0.028624138414423215,0.10860285240843195,0.1086028524084365,0.1086028524082787,0.10860285240858918,0.10860285240813689,0.10860285240873194,0.1086028524082787,0.10860285240858918,-6.30214455016482,-6.302144550165857,-6.302144550168103,-6.302144550161405,-6.302144550171152,-6.302144550158684,-6.302144550168103,-6.302144550161405,-19.265810492111655,-19.265810492113562,-19.2658104921148,-19.265810492108656,-19.265810492118923,-19.265810492105995,-19.2658104921148,-19.265810492108656
0.6218487394957983,0.028144718963297337,0.028144718963297476,0.028144718963290474,0.028144718963304522,0.028144718963284368,0.0281447189633112,0.028144718963290474,0.028144718963304522,0.10678392321785565,0.10678392321785894,0.10678392321782805,0.10678392321788295,0.10678392321780517,0.10678392321791262,0.10678392321782805,0.10678392321788295,-6.196947393948255,-6.196947393949161,-6.196947393949886,-6.196947393946572,-6.196947393951562,-6.196947393945118,-6.196947393949886,-6.196947393946572,-18.946204712428447,-18.946204712429918,-18.94620471243628,-18.94620471242079,-18.946204712443112,-18.946204712414335,-18.94620471243628,-18.94620471242079
0.626890756302521,0.027669051952817277,0.02766905195281758,0.027669051952796172,0.02766905195283904,0.027669051952777506,0.02766905195286065,0.027669051952796172,0.02766905195283904,0.10497922939669108,0.10497922939669395,0.10497922939659943,0.10497922939678124,0.10497922939652264,0.10497922939687353,0.10497922939659943,0.10497922939678124,-6.09256175219464,-6.092561752195414,-6.092561752195983,-6.09256175219338,-6.092561752197234,-6.092561752192349,-6.092561752195983,-6.09256175219338,-18.62899806953468,-18.628998069535605,-18.628998069544167,-18.628998069525547,-18.628998069552434,-18.628998069517714,-18.628998069544167,-18.628998069525547
0.6319327731092437,0.027197079149125152,0.02719707914912543,0.027197079149112638,0.027197079149137795,0.027197079149101595,0.027197079149150604,0.027197079149112638,0.027197079149137795,0.1031885500766141,0.10318855007661715,0.10318855007656114,0.10318855007666645,0.10318855007651798,0.10318855007672147,0.10318855007656114,0.10318855007666645,-5.988975105894067,-5.988975105894662,-5.988975105895516,-5.988975105892589,-5.988975105897115,-5.988975105891266,-5.988975105895516,-5.988975105892589,-18.314154050715565,-18.314154050716226,-18.314154050724394,-18.314154050707224,-18.314154050731997,-18.314154050699948,-18.314154050724394,-18.314154050707224
0.6369747899159663,0.02672874362663337,0.026728743626633786,0.02672874362662406,0.02672874362664326,0.026728743626615075,0.026728743626653246,0.02672874362662406,0.02672874362664326,0.10141166932861177,0.10141166932861473,0.10141166932857151,0.10141166932865228,0.10141166932853836,0.10141166932869489,0.10141166932857151,0.10141166932865228,-5.886175225950139,-5.8861752259509235,-5.8861752259516695,-5.886175225948612,-5.886175225953204,-5.886175225947242,-5.8861752259516695,-5.886175225948612,-18.00163697248025,-18.00163697248141,-18.001636972488615,-18.001636972472568,-18.001636972496026,-18.00163697246571,-18.001636972488615,-18.001636972472568
0.642016806722689,0.026263989736931392,0.02626398973693154,0.026263989736916706,0.026263989736946235,0.026263989736903852,0.026263989736961278,0.026263989736916706,0.026263989736946235,0.09964837605038468,0.09964837605038702,0.09964837605032137,0.09964837605044664,0.09964837605026901,0.09964837605051062,0.09964837605032137,0.09964837605044664,-5.784150164347338,-5.784150164348474,-5.78415016434858,-5.784150164346022,-5.784150164349784,-5.784150164345013,-5.78415016434858,-5.784150164346022,-17.691411958163776,-17.69141195816549,-17.691411958171283,-17.691411958156912,-17.691411958177703,-17.691411958150585,-17.691411958171283,-17.691411958156912
0.6470588235294118,0.02580276313032727,0.025802763130327602,0.025802763130314398,0.025802763130340755,0.025802763130302494,0.02580276313035423,0.025802763130314398,0.025802763130340755,0.09789846408546903,0.09789846408547125,0.09789846408541195,0.09789846408552459,0.09789846408536508,0.09789846408558218,0.09789846408541195,0.09789846408552459,-5.6828882416702715,-5.682888241671077,-5.682888241671515,-5.682888241668991,-5.6828882416728455,-5.6828882416678885,-5.682888241671515,-5.682888241668991,-17.38344491471232,-17.383444914713465,-17.383444914719217,-17.38344491470625,-17.383444914724848,-17.38344491470074,-17.383444914719217,-17.38344491470625
0.6521008403361345,0.025345010685839386,0.025345010685839744,0.02534501068583237,0.025345010685847234,0.0253450106858253,0.025345010685854354,0.02534501068583237,0.025345010685847234,0.09616173193825789,0.09616173193826011,0.09616173193822743,0.09616173193828853,0.09616173193820211,0.09616173193832048,0.09616173193822743,0.09616173193828853,-5.58237804107993,-5.5823780410806885,-5.582378041081287,-5.58237804107857,-5.582378041082799,-5.582378041077314,-5.582378041081287,-5.58237804107857,-17.077702508987166,-17.07770250898805,-17.07770250899326,-17.07770250898141,-17.077702508998552,-17.077702508976685,-17.07770250899326,-17.07770250898141
0.6571428571428571,0.024890680453950743,0.024890680453950844,0.02489068045393554,0.024890680453966276,0.024890680453922055,0.024890680453981608,0.02489068045393554,0.024890680453966276,0.0944379825440543,0.094437982544056,0.09443798254398779,0.09443798254411914,0.09443798254393176,0.09443798254418505,0.09443798254398779,0.09443798254411914,-5.482608402020588,-5.482608402021299,-5.482608402021755,-5.482608402019441,-5.482608402023196,-5.482608402018245,-5.482608402021755,-5.482608402019441,-16.774152145720738,-16.774152145722052,-16.77415214572625,-16.77415214571555,-16.774152145731446,-16.774152145711014,-16.77415214572625,-16.77415214571555
0.6621848739495798,0.02443972163314368,0.024439721633143754,0.02443972163312855,0.024439721633159536,0.02443972163311482,0.02443972163317513,0.02443972163312855,0.024439721633159536,0.09272702318731038,0.09272702318731176,0.09272702318724255,0.09272702318737601,0.09272702318718531,0.09272702318744301,0.09272702318724255,0.09272702318737601,-5.383568411904703,-5.38356841190533,-5.3835684119059115,-5.3835684119035685,-5.383568411907198,-5.383568411902322,-5.3835684119059115,-5.3835684119035685,-16.47276194595758,-16.472761945959096,-16.472761945962507,-16.472761945953213,-16.472761945966894,-16.472761945949568,-16.472761945962507,-16.472761945953213
0.6672268907563026,0.023992084572115865,0.023992084572115997,0.023992084572109853,0.023992084572122454,0.02399208457210396,0.02399208457212845,0.023992084572109853,0.023992084572122454,0.09102866553245627,0.09102866553245792,0.09102866553242973,0.09102866553248257,0.09102866553240772,0.09102866553250995,0.09102866553242973,0.09102866553248257,-5.285247396306325,-5.285247396307076,-5.285247396307539,-5.28524739630518,-5.285247396308888,-5.285247396304006,-5.285247396307539,-5.28524739630518,-16.173500726118014,-16.173500726119496,-16.173500726121876,-16.173500726114504,-16.17350072612615,-16.17350072611182,-16.173500726121876,-16.173500726114504
0.6722689075630253,0.023547720707055818,0.02354772070705572,0.023547720707053754,0.023547720707058017,0.023547720707051512,0.02354772070706016,0.023547720707053754,0.023547720707058017,0.08934272536779767,0.08934272536779918,0.0893427253677895,0.0893427253678057,0.08934272536778239,0.08934272536781394,0.0893427253677895,0.0893427253678057,-5.187634913901963,-5.1876349139027615,-5.18763491390327,-5.187634913900822,-5.187634913904606,-5.187634913899651,-5.18763491390327,-5.187634913900822,-15.876337977293852,-15.876337977295401,-15.876337977297116,-15.8763379772911,-15.876337977301585,-15.876337977288548,-15.876337977297116,-15.8763379772911
0.6773109243697479,0.02310658250841912,0.023106582508418964,0.023106582508412465,0.02310658250842603,0.023106582508406276,0.02310658250843262,0.023106582508412465,0.02310658250842603,0.08766902239031157,0.08766902239031311,0.08766902239028233,0.08766902239034058,0.08766902239025852,0.08766902239036926,0.08766902239028233,0.08766902239034058,-5.090720751228352,-5.090720751228865,-5.090720751229619,-5.09072075122723,-5.0907207512309816,-5.090720751226055,-5.090720751229619,-5.09072075122723,-15.5812438457848,-15.581243845785993,-15.581243845787775,-15.581243845782375,-15.58124384579261,-15.581243845780197,-15.581243845787775,-15.581243845782375
0.6823529411764706,0.022668623480864257,0.022668623480864274,0.02266862348085754,0.022668623480871657,0.022668623480850875,0.02266862348087864,0.02266862348085754,0.022668623480871657,0.08600738022382443,0.08600738022382567,0.0860073802237932,0.08600738022385494,0.08600738022376812,0.08600738022388517,0.0860073802237932,0.08600738022385494,-4.994494914276122,-4.994494914276571,-4.994494914277348,-4.994494914274942,-4.994494914278739,-4.9944949142738775,-4.994494914277348,-4.994494914274942,-15.288189115275037,-15.288189115276001,-15.28818911527724,-15.288189115273118,-15.28818911528281,-15.28818911527112,-15.28818911527724,-15.288189115273118
0.6873949579831933,0.02223379814307023,0.022233798143070048,0.02223379814306931,0.02223379814307125,0.022233798143068372,0.02223379814307213,0.02223379814306931,0.02223379814307125,0.08435762634815694,0.08435762634815797,0.08435762634815465,0.08435762634815937,0.08435762634815279,0.08435762634816164,0.08435762634815465,0.08435762634815937,-4.89894762158725,-4.898947621587837,-4.898947621588445,-4.89894762158616,-4.898947621589898,-4.898947621585054,-4.898947621588445,-4.89894762158616,-14.997145188917624,-14.997145188918656,-14.99714518891928,-14.99714518891621,-14.997145188924838,-14.997145188914478,-14.99714518891928,-14.99714518891621
0.692436974789916,0.02180206197683749,0.021802061976837404,0.021802061976835176,0.021802061976839968,0.021802061976832772,0.021802061976842202,0.021802061976835176,0.021802061976839968,0.08271959189261777,0.08271959189261875,0.08271959189260734,0.08271959189262737,0.08271959189259842,0.08271959189263693,0.08271959189260734,0.08271959189262737,-4.8040692994946195,-4.8040692994951915,-4.804069299495773,-4.804069299493468,-4.804069299497108,-4.804069299492317,-4.804069299495773,-4.804069299493468,-14.708084070662046,-14.70808407066346,-14.708084070663501,-14.708084070660473,-14.708084070668601,-14.708084070659213,-14.708084070663501,-14.708084070660473
0.6974789915966386,0.021373371389433515,0.02137337138943333,0.021373371389432558,0.021373371389434615,0.021373371389431513,0.021373371389435767,0.021373371389432558,0.021373371389434615,0.0810931114868294,0.08109311148683052,0.0810931114868261,0.08109311148683254,0.08109311148682334,0.08109311148683572,0.0810931114868261,0.08109311148683254,-4.709850576991139,-4.709850576991777,-4.709850576992293,-4.709850576989964,-4.709850576993549,-4.709850576988785,-4.709850576992293,-4.709850576989964,-14.42097834830243,-14.420978348303858,-14.420978348304029,-14.420978348300977,-14.420978348308488,-14.420978348299709,-14.420978348304029,-14.420978348300977
0.7025210084033613,0.02094768371543532,0.02094768371543511,0.02094768371543376,0.020947683715437166,0.020947683715432163,0.02094768371543908,0.02094768371543376,0.020947683715437166,0.07947802328455954,0.0794780232845603,0.0794780232845527,0.07947802328456646,0.07947802328454667,0.07947802328457348,0.0794780232845527,0.07947802328456646,-4.616282278503606,-4.616282278504476,-4.61628227850477,-4.616282278502378,-4.616282278506021,-4.616282278501299,-4.61628227850477,-4.616282278502378,-14.13580117893952,-14.13580117894042,-14.135801178941213,-14.135801178937982,-14.135801178945307,-14.135801178936605,-14.135801178941213,-14.135801178937982
0.707563025210084,0.02052495719003712,0.020524957190036868,0.020524957190034648,0.02052495719003937,0.020524957190032247,0.02052495719004183,0.020524957190034648,0.02052495719003937,0.07787416886190998,0.0778741688619103,0.07787416886189967,0.07787416886191875,0.07787416886189144,0.07787416886192815,0.07787416886189967,0.07787416886191875,-4.523355418435075,-4.523355418435768,-4.523355418436271,-4.523355418433918,-4.523355418437473,-4.523355418432824,-4.523355418436271,-4.523355418433918,-13.852526272918148,-13.852526272919127,-13.85252627291988,-13.852526272916467,-13.852526272923672,-13.852526272915087,-13.85252627291988,-13.852526272916467
0.7126050420168066,0.020105150904004682,0.020105150904004474,0.02010515090400123,0.02010515090400782,0.02010515090399808,0.020105150904010896,0.02010515090400123,0.02010515090400782,0.07628139303425877,0.07628139303425974,0.07628139303424451,0.0762813930342718,0.07628139303423219,0.07628139303428469,0.07628139303424451,0.0762813930342718,-4.431061197084505,-4.431061197085054,-4.431061197085677,-4.43106119708339,-4.431061197086909,-4.431061197082263,-4.431061197085677,-4.43106119708339,-13.571127877530742,-13.571127877531666,-13.571127877532506,-13.57112787752923,-13.571127877535845,-13.571127877527726,-13.571127877532506,-13.57112787752923
0.7176470588235294,0.019688224781244663,0.01968822478124485,0.019688224781242852,0.01968822478124626,0.019688224781240892,0.019688224781247588,0.019688224781242852,0.01968822478124626,0.07469954377173857,0.0746995437717406,0.07469954377173155,0.07469954377174433,0.07469954377172389,0.07469954377174967,0.07469954377173155,0.07469954377174433,-4.3393909956421535,-4.339390995642806,-4.339390995643338,-4.339390995641,-4.339390995644367,-4.3393909956399055,-4.339390995643338,-4.339390995641,-13.29158076305215,-13.291580763052876,-13.2915807630536,-13.291580763050732,-13.291580763055292,-13.291580763048879,-13.2915807630536,-13.291580763050732
0.7226890756302521,0.019274139574689615,0.019274139574689774,0.01927413957468745,0.01927413957469059,0.019274139574683723,0.01927413957469137,0.01927413957468745,0.01927413957469059,0.07312847219511343,0.07312847219511423,0.07312847219511096,0.07312847219511463,0.07312847219509012,0.07312847219511566,0.07312847219511096,0.07312847219511463,-4.248336370067181,-4.248336370067462,-4.24833637006846,-4.248336370065832,-4.248336370069774,-4.248336370064787,-4.24833637006846,-4.248336370065832,-13.013860209045447,-13.013860209046477,-13.013860209047053,-13.013860209043457,-13.01386020904893,-13.013860209041656,-13.013860209047053,-13.013860209043457
0.7277310924369748,0.01886285684083456,0.018862856840835066,0.018862856840832207,0.018862856840836235,0.018862856840828914,0.01886285684083755,0.018862856840832207,0.018862856840836235,0.0715680324772977,0.07156803247729962,0.07156803247728771,0.07156803247730344,0.07156803247727392,0.07156803247730889,0.07156803247728771,0.07156803247730344,-4.157889046511229,-4.157889046511813,-4.1578890465125085,-4.15788904651002,-4.157889046513703,-4.157889046508991,-4.1578890465125085,-4.15788904651002,-12.737941990425231,-12.737941990426618,-12.737941990426698,-12.737941990423536,-12.737941990428267,-12.73794199042215,-12.737941990426698,-12.737941990423536
0.7327731092436975,0.018454338901724057,0.018454338901724092,0.018454338901722513,0.018454338901725494,0.018454338901720938,0.01845433890172667,0.018454338901722513,0.018454338901725494,0.07001808168896187,0.0700180816889636,0.0700180816889554,0.07001808168896723,0.07001808168894945,0.07001808168897229,0.0700180816889554,0.07001808168896723,-4.068040917886698,-4.0680409178874095,-4.068040917887896,-4.068040917885694,-4.068040917888945,-4.068040917884609,-4.068040917887896,-4.068040917885694,-12.463802364184723,-12.463802364185842,-12.46380236418604,-12.46380236418337,-12.463802364187886,-12.463802364182085,-12.46380236418604,-12.46380236418337
0.7378151260504202,0.018048548832446446,0.018048548832446124,0.018048548832445672,0.018048548832447314,0.018048548832444885,0.018048548832448042,0.018048548832445672,0.018048548832447314,0.06847847975613486,0.06847847975613565,0.06847847975613312,0.0684784797561362,0.0684784797561316,0.06847847975613738,0.06847847975613312,0.0684784797561362,-3.9787840388844957,-3.9787840388848306,-3.9787840388856517,-3.97878403888345,-3.9787840388866114,-3.9787840388823494,-3.9787840388856517,-3.97878403888345,-12.191418056637698,-12.19141805663855,-12.191418056639106,-12.191418056636392,-12.191418056642059,-12.19141805663526,-12.191418056639106,-12.191418056636392
0.7428571428571429,0.017645450447190743,0.017645450447190496,0.01764545044718994,0.01764545044719157,0.01764545044718905,0.017645450447192536,0.01764545044718994,0.01764545044719157,0.06694908941097436,0.06694908941097535,0.06694908941097219,0.06694908941097642,0.06694908941096968,0.06694908941097845,0.06694908941097219,0.06694908941097642,-3.8901106213457446,-3.8901106213458543,-3.890110621346904,-3.8901106213446366,-3.89011062134784,-3.890110621343604,-3.890110621346904,-3.8901106213446366,-11.920766251496975,-11.920766251497417,-11.920766251498383,-11.920766251495616,-11.920766251500963,-11.920766251494348,-11.920766251498383,-11.920766251495616
0.7478991596638656,0.01724500827809409,0.017245008278093586,0.017245008278093252,0.017245008278094984,0.017245008278092288,0.017245008278095997,0.017245008278093252,0.017245008278094984,0.0654297761104988,0.06542977611049929,0.06542977611049658,0.06542977611050134,0.06542977611049468,0.06542977611050405,0.06542977611049658,0.06542977611050134,-3.8020130302134074,-3.8020130302137023,-3.8020130302145674,-3.802013030212294,-3.8020130302156807,-3.802013030211298,-3.8020130302145674,-3.802013030212294,-11.651824577772121,-11.651824577772663,-11.65182457777351,-11.651824577770732,-11.651824577779143,-11.651824577769666,-11.65182457777351,-11.651824577770732
0.7529411764705882,0.016847187549791275,0.016847187549790497,0.01684718754979033,0.016847187549792492,0.016847187549789377,0.01684718754979388,0.01684718754979033,0.016847187549792492,0.06392040793616671,0.06392040793616705,0.06392040793616435,0.06392040793617096,0.06392040793616216,0.06392040793617594,0.06392040793616435,0.06392040793617096,-3.7144837798214962,-3.714483779821836,-3.714483779822727,-3.7144837798204207,-3.7144837798242536,-3.7144837798192034,-3.714483779822727,-3.7144837798204207,-11.384571097277153,-11.384571097277501,-11.384571097278565,-11.384571097275812,-11.384571097287452,-11.384571097274574,-11.384571097278565,-11.384571097275812
0.7579831932773109,0.016451954166733555,0.016451954166732927,0.01645195416673275,0.016451954166734388,0.016451954166731963,0.016451954166735307,0.01645195416673275,0.016451954166734388,0.06242085554892697,0.06242085554892755,0.06242085554892583,0.06242085554892888,0.06242085554892464,0.062420855548931654,0.06242085554892583,0.06242085554892888,-3.6275155297904615,-3.627515529790662,-3.627515529791625,-3.6275155297894095,-3.6275155297930253,-3.6275155297883526,-3.627515529791625,-3.6275155297894095,-11.118984294208586,-11.118984294209092,-11.11898429420991,-11.118984294207316,-11.118984294216888,-11.118984294206271,-11.11898429420991,-11.118984294207316
0.7630252100840336,0.016059274692834916,0.01605927469283436,0.016059274692834122,0.016059274692835974,0.01605927469283336,0.016059274692837317,0.016059274692834122,0.016059274692835974,0.060930992110189375,0.06093099211018999,0.06093099211018829,0.060930992110191276,0.06093099211018731,0.060930992110196834,0.06093099211018829,0.060930992110191276,-3.5411010815345056,-3.541101081534606,-3.541101081535597,-3.541101081533371,-3.541101081536565,-3.5411010815323336,-3.541101081535597,-3.541101081533371,-10.855043064591271,-10.85504306459175,-10.855043064592648,-10.855043064589982,-10.855043064593877,-10.85504306458885,-10.855043064592648,-10.855043064589982
0.7680672268907562,0.01566911633651008,0.015669116336509355,0.015669116336509154,0.015669116336511572,0.015669116336508363,0.015669116336513758,0.015669116336509154,0.015669116336511572,0.059450693226464874,0.05945069322646541,0.05945069322646383,0.05945069322646671,0.05945069322646293,0.05945069322647784,0.05945069322646383,0.05945069322646671,-3.455233374398169,-3.455233374398299,-3.4552333743993318,-3.4552333743969874,-3.455233374400539,-3.4552333743959016,-3.4552333743993318,-3.4552333743969874,-10.592726705340418,-10.592726705340775,-10.592726705341837,-10.59272670533877,-10.592726705343186,-10.592726705335968,-10.592726705341837,-10.59272670533877
0.7731092436974789,0.015281446934722918,0.01528144693472276,0.015281446934720415,0.015281446934724083,0.015281446934714902,0.015281446934724986,0.015281446934720415,0.015281446934724083,0.05797983688931134,0.05797983688931206,0.057979836889308155,0.05797983688931265,0.05797983688927905,0.057979836889313935,0.057979836889308155,0.05797983688931265,-3.3699054820168834,-3.3699054820168164,-3.369905482018195,-3.3699054820153336,-3.369905482019707,-3.3699054820142327,-3.369905482018195,-3.3699054820153336,-10.332014903656958,-10.332014903657804,-10.332014903658976,-10.332014903654954,-10.332014903663104,-10.332014903652889,-10.332014903658976,-10.332014903654954
0.7781512605042016,0.01489623493410415,0.01489623493410463,0.01489623493409878,0.014896234934106523,0.014896234934082292,0.014896234934108929,0.01489623493409878,0.014896234934106523,0.05651830340129399,0.056518303401294524,0.056518303401287065,0.056518303401297196,0.05651830340120541,0.05651830340130015,0.056518303401287065,0.056518303401297196,-3.28511060950465,-3.2851106095042386,-3.2851106095076474,-3.285110609501592,-3.285110609510593,-3.285110609498974,-3.2851106095076474,-3.285110609501592,-10.072887729061655,-10.072887729062554,-10.072887729066164,-10.072887729057244,-10.072887729080819,-10.072887729052072,-10.072887729066164,-10.072887729057244
0.7831932773109244,0.01451344937844004,0.014513449378440136,0.014513449378436337,0.014513449378441668,0.014513449378427327,0.014513449378442999,0.014513449378436337,0.014513449378441668,0.05506597533041109,0.05506597533041172,0.05506597533040688,0.055065975330412985,0.05506597533035947,0.05506597533041502,0.05506597533040688,0.055065975330412985,-3.200842089907,-3.2008420899070265,-3.200842089909116,-3.200842089904887,-3.2008420899113847,-3.200842089903192,-3.200842089909116,-3.200842089904887,-9.815325623640799,-9.81532562364206,-9.815325623643556,-9.815325623637984,-9.815325623661732,-9.815325623634843,-9.815325623643556,-9.815325623637984
0.788235294117647,0.014133059892229911,0.01413305989222808,0.014133059892227655,0.014133059892234867,0.014133059892225616,0.014133059892250685,0.014133059892227655,0.014133059892234867,0.05362273744749867,0.053622737447499236,0.05362273744749552,0.05362273744750468,0.053622737447492436,0.05362273744758073,0.05362273744749552,0.05362273744750468,-3.117093380646613,-3.1170933806469474,-3.117093380649612,-3.1170933806438383,-3.1170933806528174,-3.1170933806412036,-3.117093380649612,-3.1170933806438383,-9.55930939050625,-9.559309390506261,-9.55930939051086,-9.559309390502765,-9.55930939051962,-9.559309390499202,-9.55930939051086,-9.559309390502765
0.7932773109243697,0.013755036667672384,0.013755036667669208,0.013755036667667765,0.013755036667682827,0.013755036667663399,0.013755036667717031,0.013755036667667765,0.013755036667682827,0.052188476677901226,0.052188476677901836,0.052188476677894696,0.05218847667791304,0.05218847667788831,0.05218847667807904,0.052188476677894696,0.05218847667791304,-3.033858060244399,-3.0338580602442886,-3.0338580602499867,-3.0338580602383383,-3.0338580602553527,-3.0338580602332033,-3.0338580602499867,-3.0338580602383383,-9.304820184428513,-9.30482018442719,-9.304820184436794,-9.304820184421885,-9.304820184446017,-9.304820184414941,-9.304820184436794,-9.304820184421885
0.7983193277310925,0.013379350451312057,0.013379350451310956,0.013379350451311018,0.01337935045131394,0.013379350451310086,0.013379350451316456,0.013379350451311018,0.01337935045131394,0.05076308205102219,0.05076308205102238,0.05076308205101979,0.05076308205102685,0.05076308205101746,0.05076308205103983,0.05076308205101979,0.05076308205102685,-2.951129825414083,-2.951129825413779,-2.951129825415146,-2.951129825412822,-2.951129825416468,-2.9511298254116505,-2.951129825415146,-2.951129825412822,-9.051839503872895,-9.051839503873184,-9.051839503874325,-9.05183950387135,-9.051839503875781,-9.051839503869804,-9.051839503874325,-9.05183950387135
0.8033613445378152,0.01300597252505168,0.013005972525054,0.013005972525039433,0.013005972525056909,0.013005972525001139,0.013005972525061998,0.013005972525039433,0.013005972525056909,0.049346444622892865,0.049346444622893025,0.04934644462287605,0.04934644462290017,0.04934644462268733,0.04934644462290823,0.04934644462287605,0.04934644462290017,-2.868902489908308,-2.868902489907815,-2.8689024899149023,-2.8689024899021702,-2.868902489921512,-2.868902489896119,-2.8689024899149023,-2.8689024899021702,-8.800349189334979,-8.80034918933695,-8.80034918934282,-8.800349189325768,-8.800349189349681,-8.800349189315275,-8.80034918934282,-8.800349189325768
0.8084033613445378,0.01263487469795575,0.012634874697959082,0.012634874697937979,0.012634874697962983,0.012634874697884579,0.012634874697970198,0.012634874697937979,0.012634874697962983,0.04793845744985943,0.047938457449859355,0.047938457449837046,0.04793845744986969,0.047938457449570156,0.04793845744988041,0.047938457449837046,0.04793845744986969,-2.787169980231488,-2.787169980230827,-2.787169980240825,-2.7871699802226604,-2.787169980249872,-2.7871699802142706,-2.787169980240825,-2.7871699802226604,-8.550331409683071,-8.550331409685096,-8.550331409694055,-8.550331409669841,-8.550331409703034,-8.550331409655659,-8.550331409694055,-8.550331409669841
0.8134453781512605,0.012266029292593716,0.012266029292595055,0.012266029292584236,0.012266029292597722,0.01226602929255422,0.012266029292601451,0.012266029292584236,0.012266029292597722,0.04653901553672674,0.046539015536726944,0.04653901553671496,0.04653901553673265,0.04653901553656614,0.0465390155367382,0.04653901553671496,0.04653901553673265,-2.7059263326455727,-2.7059263326451433,-2.7059263326507392,-2.705926332640638,-2.705926332655645,-2.7059263326361043,-2.7059263326507392,-2.705926332640638,-8.301768652652584,-8.301768652654133,-8.301768652658827,-8.301768652645107,-8.301768652663837,-8.301768652637405,-8.301768652658827,-8.301768652645107
0.8184873949579832,0.011899409133334204,0.011899409133332498,0.011899409133332385,0.011899409133337983,0.011899409133330785,0.011899409133350079,0.011899409133332385,0.011899409133337983,0.045148015793136376,0.04514801579313677,0.045148015793134065,0.045148015793141406,0.04514801579313152,0.045148015793199124,0.045148015793134065,0.045148015793141406,-2.6251656902403804,-2.625165690240449,-2.625165690242686,-2.6251656902381932,-2.6251656902452027,-2.625165690236285,-2.625165690242686,-2.6251656902381932,-8.054643716034253,-8.054643716033928,-8.054643716037212,-8.054643716031647,-8.05464371603995,-8.054643716028972,-8.054643716037212,-8.054643716031647
0.8235294117647058,0.01153498753533828,0.01153498753533716,0.011534987535337235,0.01153498753534042,0.011534987535336313,0.011534987535344586,0.011534987535337235,0.01153498753534042,0.04376535699265234,0.04376535699265237,0.043765356992650994,0.04376535699265474,0.04376535699264976,0.04376535699267657,0.043765356992650994,0.04376535699265474,-2.5448823001538767,-2.544882300153765,-2.544882300155116,-2.544882300152572,-2.5448823001565475,-2.544882300151412,-2.544882300155116,-2.544882300152572,-7.8089396995556255,-7.808939699555367,-7.8089396995571825,-7.808939699554145,-7.808939699558337,-7.8089396995527585,-7.8089396995571825,-7.808939699554145
0.8285714285714285,0.01117273828712013,0.011172738287120005,0.011172738287118043,0.011172738287121012,0.011172738287114506,0.011172738287121821,0.011172738287118043,0.011172738287121012,0.04239093969936229,0.042390939699362785,0.04239093969936005,0.04239093969936335,0.042390939699339734,0.04239093969936441,0.04239093969936005,0.04239093969936335,-2.4650705139159776,-2.4650705139156353,-2.465070513917247,-2.465070513914752,-2.4650705139184454,-2.465070513913702,-2.465070513917247,-2.465070513914752,-7.564640009640691,-7.564640009641137,-7.564640009642059,-7.564640009639133,-7.564640009643463,-7.5646400096378965,-7.564640009642059,-7.564640009639133
0.8336134453781512,0.010812635644138955,0.010812635644138254,0.010812635644138287,0.010812635644139618,0.010812635644137649,0.010812635644140317,0.010812635644138287,0.010812635644139618,0.041024666249998606,0.04102466624999893,0.04102466624999791,0.04102466624999928,0.041024666249997246,0.04102466625000005,0.04102466624999791,0.04102466624999928,-2.3857247824392536,-2.385724782439052,-2.385724782440195,-2.3857247824380923,-2.3857247824412124,-2.385724782437292,-2.385724782440195,-2.3857247824380923,-7.321728341346194,-7.321728341346767,-7.321728341347452,-7.321728341345138,-7.3217283413484875,-7.321728341344133,-7.321728341347452,-7.321728341345138
0.8386554621848739,0.010454654317698236,0.010454654317697312,0.010454654317697447,0.010454654317699144,0.01045465431769678,0.010454654317700644,0.010454654317697447,0.010454654317699144,0.03966644071171424,0.039666440711714435,0.03966644071171346,0.0396664407117157,0.03966644071171289,0.039666440711721464,0.03966644071171346,0.0396664407117157,-2.3068396537123226,-2.3068396537121854,-2.3068396537133156,-2.3068396537112363,-2.306839653714332,-2.3068396537102704,-2.3068396537133156,-2.3068396537112363,-7.0801886717225,-7.080188671722883,-7.080188671723694,-7.080188671721316,-7.080188671724719,-7.080188671720491,-7.080188671723694,-7.080188671721316
0.8436974789915966,0.010098769462790138,0.01009876946278957,0.010098769462789451,0.010098769462790853,0.010098769462788848,0.010098769462791443,0.010098769462789451,0.010098769462790853,0.03831616883393919,0.0383161688339395,0.03831616883393851,0.038316168833939845,0.03831616883393787,0.03831616883394054,0.03831616883393851,0.038316168833939845,-2.2284097713580726,-2.2284097713578856,-2.22840977135905,-2.2284097713569913,-2.2284097713599635,-2.22840977135604,-2.22840977135905,-2.2284097713569913,-6.840005256829839,-6.840005256830099,-6.84000525683094,-6.840005256828776,-6.840005256832096,-6.840005256827713,-6.84000525683094,-6.840005256828776
0.8487394957983193,0.009744956668317612,0.009744956668317171,0.0097449566683169,0.00974495666831833,0.009744956668316263,0.0097449566683189,0.0097449566683169,0.00974495666831833,0.03697375801193894,0.03697375801193928,0.03697375801193837,0.036973758011939584,0.03697375801193768,0.0369737580119401,0.03697375801193837,0.036973758011939584,-2.150429872184395,-2.1504298721842936,-2.150429872185458,-2.1504298721833632,-2.150429872186354,-2.150429872182513,-2.150429872185458,-2.1504298721833632,-6.601162624361874,-6.601162624362044,-6.60116262436294,-6.601162624360791,-6.601162624364136,-6.6011626243597785,-6.60116262436294,-6.601162624360791
0.853781512605042,0.009393191947083757,0.009393191947083107,0.009393191947083008,0.009393191947084387,0.00939319194708235,0.00939319194708524,0.009393191947083008,0.009393191947084387,0.035639117249094576,0.03563911724909484,0.035639117249093966,0.035639117249095735,0.03563911724909334,0.03563911724909752,0.035639117249093966,0.035639117249095735,-2.07289478388528,-2.072894783885179,-2.0728947838862766,-2.0728947838842084,-2.072894783887134,-2.0728947838833314,-2.0728947838862766,-2.0728947838842084,-6.363645566696141,-6.36364556669612,-6.363645566697189,-6.3636455666950065,-6.363645566698218,-6.363645566694082,-6.363645566697189,-6.3636455666950065
0.8588235294117647,0.009043451726121478,0.009043451726120831,0.009043451726120769,0.009043451726122148,0.009043451726120137,0.00904345172612275,0.009043451726120769,0.009043451726122148,0.03431215712013294,0.03431215712013293,0.034312157120132254,0.03431215712013381,0.03431215712013175,0.03431215712013489,0.034312157120132254,0.03431215712013381,-1.9957994230408707,-1.9957994230407787,-1.995799423041846,-1.9957994230398057,-1.9957994230428957,-1.995799423038894,-1.995799423041846,-1.9957994230398057,-6.127439135310754,-6.1274391353105475,-6.127439135311818,-6.127439135309614,-6.127439135312845,-6.127439135308578,-6.127439135311818,-6.127439135309614
0.8638655462184874,0.008695712836990676,0.008695712836990293,0.00869571283698998,0.00869571283699133,0.008695712836989325,0.0086957128369919,0.00869571283698998,0.00869571283699133,0.03299278973415658,0.032992789734156744,0.032992789734155994,0.0329927897341572,0.03299278973415545,0.03299278973415784,0.032992789734155994,0.0329927897341572,-1.9191387931225807,-1.9191387931227097,-1.9191387931235346,-1.9191387931215338,-1.919138793124485,-1.9191387931206716,-1.9191387931235346,-1.9191387931215338,-5.89252863500456,-5.892528635004452,-5.892528635005625,-5.89252863500345,-5.8925286350066735,-5.892528635002524,-5.892528635005625,-5.89252863500345
0.8689075630252101,0.008349952506705116,0.008349952506704842,0.008349952506704459,0.008349952506705767,0.008349952506703855,0.008349952506706356,0.008349952506704459,0.008349952506705767,0.03168092870036414,0.031680928700364354,0.03168092870036355,0.0316809287003647,0.03168092870036304,0.03168092870036536,0.03168092870036355,0.0316809287003647,-1.8429079824827732,-1.8429079824828303,-1.842907982483778,-1.8429079824816983,-1.8429079824846504,-1.8429079824808858,-1.842907982483778,-1.8429079824816983,-5.658899618027324,-5.658899618027294,-5.658899618028324,-5.658899618026268,-5.65889961802953,-5.658899618025223,-5.658899618028324,-5.658899618026268
0.8739495798319328,0.008006148348819395,0.008006148348818994,0.008006148348818687,0.008006148348820095,0.008006148348818128,0.008006148348820675,0.008006148348818687,0.008006148348820095,0.030376489094254906,0.0303764890942552,0.030376489094254378,0.03037648909425553,0.03037648909425382,0.030376489094256064,0.030376489094254378,0.03037648909425553,-1.7671021624414924,-1.7671021624415828,-1.7671021624424479,-1.7671021624405083,-1.7671021624432683,-1.767102162439489,-1.7671021624424479,-1.7671021624405083,-5.426537878560222,-5.426537878560266,-5.426537878561281,-5.426537878559177,-5.4265378785623755,-5.426537878558151,-5.426537878561281,-5.426537878559177
0.8789915966386554,0.007664278354646568,0.007664278354646001,0.007664278354645913,0.007664278354647258,0.007664278354645322,0.007664278354647805,0.007664278354645913,0.007664278354647258,0.029079387424259334,0.029079387424259466,0.02907938742425877,0.029079387424259952,0.029079387424258307,0.02907938742426056,0.02907938742425877,0.029079387424259952,-1.6917165854369542,-1.6917165854366192,-1.6917165854378564,-1.6917165854358813,-1.6917165854388871,-1.6917165854349396,-1.6917165854378564,-1.6917165854358813,-5.19542944734803,-5.195429447347567,-5.195429447349129,-5.1954294473469815,-5.19542944735022,-5.195429447345908,-5.195429447349129,-5.1954294473469815
0.8840336134453781,0.007324320884815548,0.007324320884815149,0.007324320884814849,0.007324320884816195,0.007324320884814281,0.007324320884816826,0.007324320884814849,0.007324320884816195,0.027789541599720545,0.027789541599720472,0.027789541599719997,0.027789541599721163,0.02778954159971943,0.027789541599721964,0.027789541599719997,0.027789541599721163,-1.616746583214463,-1.6167465832142107,-1.616746583215437,-1.616746583213473,-1.6167465832162415,-1.6167465832126204,-1.616746583215437,-1.616746583213473,-4.965560586452803,-4.96556058645182,-4.965560586453878,-4.965560586451744,-4.965560586454973,-4.965560586450838,-4.965560586453878,-4.965560586451744
0.8890756302521008,0.006986254661089734,0.0069862546610894045,0.006986254661089082,0.006986254661090375,0.00698625466108855,0.0069862546610910395,0.006986254661089082,0.006986254661090375,0.02650687089988743,0.02650687089988756,0.02650687089988689,0.026506870899887985,0.026506870899886292,0.02650687089988857,0.02650687089988689,0.026506870899887985,-1.5421875650659678,-1.5421875650664534,-1.5421875650669288,-1.542187565064908,-1.5421875650677048,-1.5421875650641927,-1.5421875650669288,-1.542187565064908,-4.736917784156739,-4.736917784156564,-4.736917784157791,-4.736917784155744,-4.736917784158763,-4.736917784154704,-4.736917784157791,-4.736917784155744
0.8941176470588235,0.0066500587583507905,0.006650058758350327,0.006650058758350092,0.006650058758351435,0.006650058758349576,0.0066500587583520595,0.006650058758350092,0.006650058758351435,0.02523129594349138,0.025231295943491525,0.02523129594349089,0.02523129594349197,0.02523129594349025,0.02523129594349247,0.02523129594349089,0.02523129594349197,-1.4680350161191886,-1.4680350161195335,-1.4680350161201647,-1.4680350161181857,-1.468035016120859,-1.4680350161172915,-1.4680350161201647,-1.4680350161181857,-4.509487750003349,-4.50948775000285,-4.50948775000444,-4.509487750002362,-4.509487750005378,-4.509487750001396,-4.50948775000444,-4.509487750002362
0.8991596638655461,0.006315712596825388,0.006315712596824956,0.006315712596824696,0.006315712596826047,0.006315712596824208,0.006315712596826666,0.006315712596824696,0.006315712596826047,0.02396273865926182,0.023962738659261767,0.023962738659261313,0.023962738659262378,0.023962738659260727,0.023962738659262905,0.023962738659261313,0.023962738659262378,-1.394284495678128,-1.394284495678373,-1.3942844956791058,-1.3942844956771485,-1.3942844956798794,-1.3942844956765088,-1.3942844956791058,-1.3942844956771485,-4.283257409977256,-4.283257409977257,-4.283257409978369,-4.2832574099762795,-4.283257409979386,-4.283257409975328,-4.283257409978369,-4.2832574099762795
0.9042016806722689,0.005983195934540698,0.005983195934540208,0.005983195934539994,0.005983195934541289,0.005983195934539455,0.005983195934541913,0.005983195934539994,0.005983195934541289,0.022701122257315975,0.022701122257316315,0.022701122257315468,0.02270112225731651,0.02270112225731493,0.022701122257317068,0.022701122257315468,0.02270112225731651,-1.3209316356011345,-1.3209316356011185,-1.3209316356020249,-1.3209316356001384,-1.3209316356028127,-1.3209316355992995,-1.3209316356020249,-1.3209316356001384,-4.05821390181245,-4.058213901812185,-4.058213901813654,-4.058213901811535,-4.058213901814546,-4.05821390181046,-4.058213901813654,-4.058213901811535
0.9092436974789916,0.0056524888599818,0.005652488859981305,0.005652488859981107,0.005652488859982457,0.005652488859980722,0.0056524888599829735,0.005652488859981107,0.005652488859982457,0.02144637120131676,0.021446371201317,0.02144637120131624,0.021446371201317257,0.021446371201315723,0.021446371201317833,0.02144637120131624,0.021446371201317257,-1.2479721387264573,-1.2479721387265281,-1.2479721387273928,-1.2479721387254938,-1.2479721387282297,-1.247972138724733,-1.2479721387273928,-1.2479721387254938,-3.834344570430244,-3.8343445704293995,-3.8343445704312966,-3.8343445704292,-3.8343445704322514,-3.8343445704281547,-3.8343445704312966,-3.8343445704292
0.9142857142857143,0.005323571784918773,0.00532357178491828,0.005323571784918135,0.005323571784919392,0.0053235717849176275,0.005323571784919977,0.005323571784918135,0.005323571784919392,0.02019841118124839,0.020198411181248647,0.0201984111812479,0.0201984111812489,0.020198411181247333,0.020198411181249445,0.0201984111812479,0.0201984111812489,-1.1754017773454837,-1.1754017773459253,-1.1754017773463774,-1.1754017773445693,-1.1754017773471612,-1.1754017773437395,-1.1754017773463774,-1.1754017773445693,-3.6116369635021037,-3.611636963501792,-3.611636963503111,-3.6116369635011063,-3.611636963504099,-3.61163696350023,-3.611636963503111,-3.6116369635011063
0.9193277310924369,0.004996425437458547,0.00499642543745795,0.004996425437457901,0.004996425437459169,0.004996425437457319,0.004996425437459697,0.004996425437457901,0.004996425437459169,0.01895716908707435,0.018957169087074587,0.018957169087073872,0.018957169087074857,0.018957169087073265,0.01895716908707542,0.018957169087073872,0.018957169087074857,-1.1032163917079632,-1.1032163917078741,-1.1032163917088702,-1.103216391707015,-1.103216391709571,-1.1032163917063693,-1.1032163917088702,-1.103216391707015,-3.3900788271202846,-3.390078827119958,-3.3900788271212807,-3.3900788271193862,-3.390078827122251,-3.3900788271184155,-3.3900788271212807,-3.3900788271193862
0.9243697478991596,0.004671030855260355,0.004671030855259776,0.004671030855259741,0.004671030855260993,0.004671030855259213,0.004671030855261576,0.004671030855259741,0.004671030855260993,0.01772257298299369,0.017722572982993772,0.017722572982993224,0.017722572982994216,0.01772257298299271,0.01772257298299475,0.017722572982993224,0.017722572982994216,-1.0314118885739192,-1.0314118885739867,-1.0314118885748094,-1.0314118885729417,-1.0314118885756298,-1.031411888572202,-1.0314118885748094,-1.0314118885729417,-3.1696581015935292,-3.169658101593381,-3.1696581015944463,-3.1696581015926255,-3.169658101595708,-3.1696581015916663,-3.1696581015944463,-3.1696581015926255
0.9294117647058823,0.004347369378949413,0.004347369378948562,0.004347369378948767,0.0043473693789499975,0.004347369378948245,0.004347369378950542,0.004347369378948767,0.0043473693789499975,0.016494552082463712,0.016494552082463726,0.016494552082463202,0.016494552082464198,0.016494552082462675,0.016494552082464767,0.016494552082463202,0.016494552082464198,-0.959984239800173,-0.9599842398000193,-0.9599842398011161,-0.959984239799369,-0.9599842398018792,-0.9599842397984875,-0.9599842398011161,-0.959984239799369,-2.950362917351376,-2.9503629173509096,-2.9503629173524026,-2.9503629173504993,-2.9503629173533708,-2.9503629173495147,-2.9503629173524026,-2.9503629173504993
0.934453781512605,0.0040254226456938845,0.004025422645693194,0.004025422645693265,0.004025422645694527,0.004025422645692649,0.0040254226456949965,0.004025422645693265,0.004025422645694527,0.015273036723836324,0.01527303672383657,0.015273036723835825,0.015273036723836802,0.015273036723835317,0.015273036723837393,0.015273036723835825,0.015273036723836802,-0.8889294809668041,-0.8889294809665094,-0.8889294809676408,-0.8889294809658146,-0.8889294809683999,-0.8889294809649995,-0.8889294809676408,-0.8889294809658146,-2.732181590951112,-2.7321815909509315,-2.732181590952114,-2.7321815909502467,-2.732181590953141,-2.7321815909492106,-2.732181590952114,-2.7321815909502467
0.9394957983193277,0.003705172582944044,0.0037051725829433738,0.003705172582943423,0.0037051725829447125,0.0037051725829428312,0.00370517258294523,0.003705172582943423,0.0037051725829447125,0.014057958346607231,0.014057958346607185,0.014057958346606727,0.014057958346607669,0.014057958346606277,0.014057958346608227,0.014057958346606727,0.014057958346607669,-0.8182437100347959,-0.818243710034965,-0.8182437100356593,-0.8182437100339204,-0.8182437100364285,-0.8182437100330113,-0.8182437100356593,-0.8182437100339204,-2.515102621185903,-2.515102621185782,-2.515102621186826,-2.5151026211849588,-2.5151026211878573,-2.515102621184012,-2.515102621186826,-2.5151026211849588
0.9445378151260504,0.003386601402349419,0.0033866014023488625,0.0033866014023487693,0.0033866014023499745,0.003386601402348206,0.0033866014023505695,0.0033866014023487693,0.0033866014023499745,0.012849249468342983,0.012849249468342745,0.012849249468342469,0.012849249468343423,0.012849249468341983,0.012849249468344048,0.012849249468342469,0.012849249468343423,-0.7479230860454087,-0.7479230860450637,-0.747923086046276,-0.7479230860445168,-0.7479230860469853,-0.747923086043772,-0.747923086046276,-0.7479230860445168,-2.299114685306005,-2.299114685305442,-2.299114685306845,-2.299114685305107,-2.2991146853077793,-2.2991146853041835,-2.299114685306845,-2.299114685305107
0.9495798319327731,0.0030696915938547907,0.003069691593854487,0.003069691593854168,0.0030696915938553454,0.0030696915938536857,0.0030696915938559265,0.003069691593854168,0.0030696915938553454,0.011646843662289512,0.011646843662289614,0.01164684366228898,0.011646843662290013,0.01164684366228847,0.011646843662290652,0.01164684366228898,0.011646843662290013,-0.6779638278535332,-0.6779638278537365,-0.6779638278543785,-0.6779638278526631,-0.6779638278551511,-0.677963827851893,-0.6779638278543785,-0.6779638278526631,-2.084206635351242,-2.0842066353509825,-2.0842066353521447,-2.0842066353503728,-2.0842066353530435,-2.084206635349416,-2.0842066353521447,-2.0842066353503728
0.9546218487394957,0.0027544259199230973,0.002754425919922955,0.0027544259199225006,0.0027544259199236295,0.0027544259199219425,0.002754425919924188,0.0027544259199225006,0.0027544259199236295,0.010450675535463447,0.010450675535463737,0.010450675535462835,0.010450675535463987,0.010450675535462344,0.01045067553546468,0.010450675535462835,0.010450675535463987,-0.6083622128898758,-0.6083622128899875,-0.60836221289078,-0.6083622128890263,-0.6083622128915347,-0.6083622128882418,-0.60836221289078,-0.6083622128890263,-1.8703674945635786,-1.8703674945632698,-1.8703674945644961,-1.8703674945627249,-1.8703674945653515,-1.870367494561727,-1.8703674945644961,-1.8703674945627249
0.9596638655462184,0.002440787409880964,0.0024407874098806297,0.0024407874098803656,0.0024407874098815356,0.002440787409879805,0.002440787409882004,0.0024407874098803656,0.0024407874098815356,0.00926068070720038,0.00926068070720017,0.009260680707199848,0.009260680707200895,0.009260680707199414,0.009260680707201362,0.009260680707199848,0.009260680707200895,-0.5391145759477693,-0.5391145759479493,-0.53911457594853,-0.5391145759469415,-0.53911457594931,-0.539114575946189,-0.53911457594853,-0.5391145759469415,-1.6575864538458633,-1.6575864538458944,-1.6575864538467728,-1.6575864538449518,-1.6575864538476368,-1.6575864538440803,-1.6575864538467728,-1.6575864538449518
0.9647058823529412,0.0021287593544163375,0.0021287593544163093,0.0021287593544158084,0.0021287593544168644,0.002128759354415269,0.0021287593544174104,0.0021287593544158084,0.0021287593544168644,0.008076795788274384,0.008076795788274175,0.008076795788273935,0.008076795788274844,0.008076795788273474,0.008076795788275274,0.008076795788273935,0.008076795788274844,-0.47021730800723316,-0.4702173080077622,-0.4702173080079342,-0.47021730800643724,-0.47021730800878525,-0.47021730800569955,-0.4702173080079342,-0.47021730800643724,-1.4458528683303746,-1.4458528683299865,-1.4458528683312097,-1.4458528683294543,-1.4458528683319727,-1.4458528683285845,-1.4458528683312097,-1.4458528683294543
0.9697478991596639,0.001818325300358397,0.0018183253003583786,0.0018183253003578948,0.0018183253003589458,0.0018183253003573052,0.0018183253003594098,0.0018183253003578948,0.0018183253003589458,0.006898958361100406,0.006898958361100219,0.006898958361099972,0.006898958361100873,0.006898958361099465,0.006898958361101352,0.006898958361099972,0.006898958361100873,-0.40166685512526584,-0.4016668551257536,-0.4016668551260496,-0.40166685512451705,-0.4016668551268016,-0.40166685512382766,-0.4016668551260496,-0.40166685512451705,-1.2351562542271084,-1.2351562542269088,-1.235156254227922,-1.23515625422627,-1.2351562542286263,-1.2351562542252867,-1.235156254227922,-1.23515625422627
0.9747899159663865,0.0015094690453099453,0.0015094690453098768,0.0015094690453094034,0.0015094690453104625,0.0015094690453088715,0.0015094690453109443,0.0015094690453094034,0.0015094690453104625,0.00572710695937841,0.005727106959378168,0.005727106959377999,0.005727106959378889,0.005727106959377467,0.005727106959379275,0.005727106959377999,0.005727106959378889,-0.3334597172710173,-0.333459717271305,-0.3334597172716576,-0.3334597172702869,-0.33345971727247786,-0.33345971726954304,-0.3334597172716576,-0.3334597172702869,-1.025486285349862,-1.0254862853488882,-1.0254862853506943,-1.0254862853490483,-1.0254862853513722,-1.0254862853482343,-1.0254862853506943,-1.0254862853490483
0.9798319327731092,0.0012021746321277153,0.0012021746321279091,0.0012021746321271883,0.0012021746321281875,0.0012021746321267603,0.0012021746321286158,0.0012021746321271883,0.0012021746321281875,0.0045611810471844465,0.004561181047184571,0.004561181047184048,0.004561181047184869,0.004561181047183701,0.00456118104718523,0.004561181047184048,0.004561181047184869,-0.26559244710535695,-0.26559244710549157,-0.2655924471059999,-0.26559244710463453,-0.26559244710664465,-0.26559244710387464,-0.2655924471059999,-0.26559244710463453,-0.8168327894059411,-0.816832789405345,-0.816832789406727,-0.8168327894051738,-0.8168327894073059,-0.8168327894045383,-0.816832789406727,-0.8168327894051738
0.9848739495798319,0.0008964263460562781,0.0008964263460563736,0.0008964263460557732,0.0008964263460566818,0.0008964263460552995,0.0008964263460571557,0.0008964263460557732,0.0008964263460566818,0.003401121008099259,0.003401121008099277,0.003401121008098842,0.0034011210080995796,0.003401121008098499,0.003401121008099939,0.003401121008098842,0.0034011210080995796,-0.19806164948209565,-0.19806164948228955,-0.1980616494827173,-0.1980616494814678,-0.19806164948326735,-0.19806164948081703,-0.1980616494827173,-0.1980616494814678,-0.6091857473807674,-0.6091857473804962,-0.609185747381466,-0.609185747380023,-0.6091857473821226,-0.6091857473792696,-0.609185747381466,-0.609185747380023
0.9899159663865545,0.0005922087060987022,0.0005922087060984442,0.00059220870609827,0.0005922087060991536,0.0005922087060977804,0.0005922087060995306,0.00059220870609827,0.0005922087060991536,0.002246868112450181,0.0022468681124502587,0.0022468681124496706,0.002246868112450609,0.00224686811244935,0.0022468681124510263,0.0022468681124496706,0.002246868112450609,-0.13086397940814895,-0.13086397940826885,-0.13086397940869546,-0.13086397940761477,-0.13086397940925965,-0.13086397940699884,-0.13086397940869546,-0.13086397940761477,-0.4025352861385604,-0.4025352861384516,-0.40253528613922607,-0.4025352861379097,-0.40253528613964795,-0.4025352861372717,-0.40253528613922607,-0.4025352861379097
0.9949579831932772,0.0002896034530364223,0.0002896034530359458,0.00028960345303599895,0.00028960345303686127,0.00028960345303559915,0.0002896034530373,0.00028960345303599895,0.00028960345303686127,0.001098733108780611,0.001098733108780013,0.0010987331087792087,0.0010987331087820825,0.001098733108777443,0.0010987331087837368,0.0010987331087792087,0.0010987331087820825,-0.06401724790059507,-0.06401724790005364,-0.0640172479009243,-0.0640172479002543,-0.06401724790129865,-0.06401724789999468,-0.0640172479009243,-0.0640172479002543,-0.1969364872108737,-0.1969364872105253,-0.19693648721123294,-0.19693648721048024,-0.19693648721166537,-0.19693648721009266,-0.19693648721123294,-0.19693648721048024
1.0,0.0,0.0,0.0,0.0,0.0,0.0,0.0,0.0,0.0,0.0,0.0,0.0,0.0,0.0,0.0,0.0,0.0,0.0,0.0,0.0,0.0,0.0,0.0,0.0,0.0,0.0,0.0,0.0,0.0,0.0,0.0,0.0
